<?xml version="1.0" encoding="utf-8"?>
<odoo>
    <data noupdate="1">

         <record model="ir.module.category" id="module_category_memes_members_expense">
            <field name="name">Expense Mansgement System</field>
            <field name="description">Members Expense Management System.</field>
            <field name="sequence">20</field>
        </record>

        <record id="group_memes_user" model="res.groups">
            <field name="name">Memes User</field>
            <field name="category_id" ref="memes.module_category_memes_members_expense"/>
            <field name="implied_ids" eval="[(4, ref('base.group_user'))]"/>
        </record>


         <record id="group_memes_manager" model="res.groups">
            <field name="name">Memes Manager</field>
            <field name="category_id" ref="memes.module_category_memes_members_expense"/>
            <field name="implied_ids" eval="[(4, ref('memes.group_memes_user'))]"/>
        </record>

        <record id="group_memes_admin" model="res.groups">
            <field name="name">Memes Admin</field>
            <field name="category_id" ref="memes.module_category_memes_members_expense"/>
            <field name="implied_ids" eval="[(4, ref('memes.group_memes_manager'))]"/>
        </record>
        
        
    
    </data>
</odoo>